landed/normal144/000000000-cameraNormals.png,landed/mask144/000000000-segmentation-mask.png,landed/landed/000000000-land.png,landed/img144/000000000-rgb.jpg
landed/normal144/000000001-cameraNormals.png,landed/mask144/000000001-segmentation-mask.png,landed/landed/000000001-land.png,landed/img144/000000001-rgb.jpg
landed/normal144/000000002-cameraNormals.png,landed/mask144/000000002-segmentation-mask.png,landed/landed/000000002-land.png,landed/img144/000000002-rgb.jpg
landed/normal144/000000003-cameraNormals.png,landed/mask144/000000003-segmentation-mask.png,landed/landed/000000003-land.png,landed/img144/000000003-rgb.jpg
landed/normal144/000000004-cameraNormals.png,landed/mask144/000000004-segmentation-mask.png,landed/landed/000000004-land.png,landed/img144/000000004-rgb.jpg
landed/normal144/000000005-cameraNormals.png,landed/mask144/000000005-segmentation-mask.png,landed/landed/000000005-land.png,landed/img144/000000005-rgb.jpg
landed/normal144/000000006-cameraNormals.png,landed/mask144/000000006-segmentation-mask.png,landed/landed/000000006-land.png,landed/img144/000000006-rgb.jpg
landed/normal144/000000007-cameraNormals.png,landed/mask144/000000007-segmentation-mask.png,landed/landed/000000007-land.png,landed/img144/000000007-rgb.jpg
landed/normal144/000000008-cameraNormals.png,landed/mask144/000000008-segmentation-mask.png,landed/landed/000000008-land.png,landed/img144/000000008-rgb.jpg
landed/normal144/000000009-cameraNormals.png,landed/mask144/000000009-segmentation-mask.png,landed/landed/000000009-land.png,landed/img144/000000009-rgb.jpg
landed/normal144/000000010-cameraNormals.png,landed/mask144/000000010-segmentation-mask.png,landed/landed/000000010-land.png,landed/img144/000000010-rgb.jpg
landed/normal144/000000011-cameraNormals.png,landed/mask144/000000011-segmentation-mask.png,landed/landed/000000011-land.png,landed/img144/000000011-rgb.jpg
landed/normal144/000000012-cameraNormals.png,landed/mask144/000000012-segmentation-mask.png,landed/landed/000000012-land.png,landed/img144/000000012-rgb.jpg
landed/normal144/000000013-cameraNormals.png,landed/mask144/000000013-segmentation-mask.png,landed/landed/000000013-land.png,landed/img144/000000013-rgb.jpg
landed/normal144/000000014-cameraNormals.png,landed/mask144/000000014-segmentation-mask.png,landed/landed/000000014-land.png,landed/img144/000000014-rgb.jpg
landed/normal144/000000015-cameraNormals.png,landed/mask144/000000015-segmentation-mask.png,landed/landed/000000015-land.png,landed/img144/000000015-rgb.jpg
landed/normal144/000000016-cameraNormals.png,landed/mask144/000000016-segmentation-mask.png,landed/landed/000000016-land.png,landed/img144/000000016-rgb.jpg
landed/normal144/000000017-cameraNormals.png,landed/mask144/000000017-segmentation-mask.png,landed/landed/000000017-land.png,landed/img144/000000017-rgb.jpg
landed/normal144/000000018-cameraNormals.png,landed/mask144/000000018-segmentation-mask.png,landed/landed/000000018-land.png,landed/img144/000000018-rgb.jpg
landed/normal144/000000019-cameraNormals.png,landed/mask144/000000019-segmentation-mask.png,landed/landed/000000019-land.png,landed/img144/000000019-rgb.jpg
landed/normal144/000000020-cameraNormals.png,landed/mask144/000000020-segmentation-mask.png,landed/landed/000000020-land.png,landed/img144/000000020-rgb.jpg
landed/normal144/000000021-cameraNormals.png,landed/mask144/000000021-segmentation-mask.png,landed/landed/000000021-land.png,landed/img144/000000021-rgb.jpg
landed/normal144/000000022-cameraNormals.png,landed/mask144/000000022-segmentation-mask.png,landed/landed/000000022-land.png,landed/img144/000000022-rgb.jpg
landed/normal144/000000024-cameraNormals.png,landed/mask144/000000024-segmentation-mask.png,landed/landed/000000024-land.png,landed/img144/000000024-rgb.jpg
landed/normal144/000000025-cameraNormals.png,landed/mask144/000000025-segmentation-mask.png,landed/landed/000000025-land.png,landed/img144/000000025-rgb.jpg
landed/normal144/000000026-cameraNormals.png,landed/mask144/000000026-segmentation-mask.png,landed/landed/000000026-land.png,landed/img144/000000026-rgb.jpg
landed/normal144/000000027-cameraNormals.png,landed/mask144/000000027-segmentation-mask.png,landed/landed/000000027-land.png,landed/img144/000000027-rgb.jpg
landed/normal144/000000028-cameraNormals.png,landed/mask144/000000028-segmentation-mask.png,landed/landed/000000028-land.png,landed/img144/000000028-rgb.jpg
landed/normal144/000000029-cameraNormals.png,landed/mask144/000000029-segmentation-mask.png,landed/landed/000000029-land.png,landed/img144/000000029-rgb.jpg
landed/normal144/000000030-cameraNormals.png,landed/mask144/000000030-segmentation-mask.png,landed/landed/000000030-land.png,landed/img144/000000030-rgb.jpg
landed/normal144/000000031-cameraNormals.png,landed/mask144/000000031-segmentation-mask.png,landed/landed/000000031-land.png,landed/img144/000000031-rgb.jpg
landed/normal144/000000032-cameraNormals.png,landed/mask144/000000032-segmentation-mask.png,landed/landed/000000032-land.png,landed/img144/000000032-rgb.jpg
landed/normal144/000000033-cameraNormals.png,landed/mask144/000000033-segmentation-mask.png,landed/landed/000000033-land.png,landed/img144/000000033-rgb.jpg
landed/normal144/000000036-cameraNormals.png,landed/mask144/000000036-segmentation-mask.png,landed/landed/000000036-land.png,landed/img144/000000036-rgb.jpg
landed/normal144/000000037-cameraNormals.png,landed/mask144/000000037-segmentation-mask.png,landed/landed/000000037-land.png,landed/img144/000000037-rgb.jpg
landed/normal144/000000038-cameraNormals.png,landed/mask144/000000038-segmentation-mask.png,landed/landed/000000038-land.png,landed/img144/000000038-rgb.jpg
landed/normal144/000000039-cameraNormals.png,landed/mask144/000000039-segmentation-mask.png,landed/landed/000000039-land.png,landed/img144/000000039-rgb.jpg
landed/normal144/000000041-cameraNormals.png,landed/mask144/000000041-segmentation-mask.png,landed/landed/000000041-land.png,landed/img144/000000041-rgb.jpg
landed/normal144/000000042-cameraNormals.png,landed/mask144/000000042-segmentation-mask.png,landed/landed/000000042-land.png,landed/img144/000000042-rgb.jpg
landed/normal144/000000043-cameraNormals.png,landed/mask144/000000043-segmentation-mask.png,landed/landed/000000043-land.png,landed/img144/000000043-rgb.jpg
landed/normal144/000000045-cameraNormals.png,landed/mask144/000000045-segmentation-mask.png,landed/landed/000000045-land.png,landed/img144/000000045-rgb.jpg
landed/normal144/000000047-cameraNormals.png,landed/mask144/000000047-segmentation-mask.png,landed/landed/000000047-land.png,landed/img144/000000047-rgb.jpg
landed/normal144/000000048-cameraNormals.png,landed/mask144/000000048-segmentation-mask.png,landed/landed/000000048-land.png,landed/img144/000000048-rgb.jpg
landed/normal144/000000049-cameraNormals.png,landed/mask144/000000049-segmentation-mask.png,landed/landed/000000049-land.png,landed/img144/000000049-rgb.jpg
landed/normal144/000000050-cameraNormals.png,landed/mask144/000000050-segmentation-mask.png,landed/landed/000000050-land.png,landed/img144/000000050-rgb.jpg
landed/normal144/000000052-cameraNormals.png,landed/mask144/000000052-segmentation-mask.png,landed/landed/000000052-land.png,landed/img144/000000052-rgb.jpg
landed/normal144/000000053-cameraNormals.png,landed/mask144/000000053-segmentation-mask.png,landed/landed/000000053-land.png,landed/img144/000000053-rgb.jpg
landed/normal144/000000054-cameraNormals.png,landed/mask144/000000054-segmentation-mask.png,landed/landed/000000054-land.png,landed/img144/000000054-rgb.jpg
landed/normal144/000000056-cameraNormals.png,landed/mask144/000000056-segmentation-mask.png,landed/landed/000000056-land.png,landed/img144/000000056-rgb.jpg
landed/normal144/000000057-cameraNormals.png,landed/mask144/000000057-segmentation-mask.png,landed/landed/000000057-land.png,landed/img144/000000057-rgb.jpg
landed/normal144/000000058-cameraNormals.png,landed/mask144/000000058-segmentation-mask.png,landed/landed/000000058-land.png,landed/img144/000000058-rgb.jpg
landed/normal144/000000060-cameraNormals.png,landed/mask144/000000060-segmentation-mask.png,landed/landed/000000060-land.png,landed/img144/000000060-rgb.jpg
landed/normal144/000000061-cameraNormals.png,landed/mask144/000000061-segmentation-mask.png,landed/landed/000000061-land.png,landed/img144/000000061-rgb.jpg
landed/normal144/000000062-cameraNormals.png,landed/mask144/000000062-segmentation-mask.png,landed/landed/000000062-land.png,landed/img144/000000062-rgb.jpg
landed/normal144/000000064-cameraNormals.png,landed/mask144/000000064-segmentation-mask.png,landed/landed/000000064-land.png,landed/img144/000000064-rgb.jpg
landed/normal144/000000067-cameraNormals.png,landed/mask144/000000067-segmentation-mask.png,landed/landed/000000067-land.png,landed/img144/000000067-rgb.jpg
landed/normal144/000000068-cameraNormals.png,landed/mask144/000000068-segmentation-mask.png,landed/landed/000000068-land.png,landed/img144/000000068-rgb.jpg
landed/normal144/000000069-cameraNormals.png,landed/mask144/000000069-segmentation-mask.png,landed/landed/000000069-land.png,landed/img144/000000069-rgb.jpg
landed/normal144/000000070-cameraNormals.png,landed/mask144/000000070-segmentation-mask.png,landed/landed/000000070-land.png,landed/img144/000000070-rgb.jpg
landed/normal144/000000071-cameraNormals.png,landed/mask144/000000071-segmentation-mask.png,landed/landed/000000071-land.png,landed/img144/000000071-rgb.jpg
landed/normal144/000000072-cameraNormals.png,landed/mask144/000000072-segmentation-mask.png,landed/landed/000000072-land.png,landed/img144/000000072-rgb.jpg
landed/normal144/000000073-cameraNormals.png,landed/mask144/000000073-segmentation-mask.png,landed/landed/000000073-land.png,landed/img144/000000073-rgb.jpg
landed/normal144/000000074-cameraNormals.png,landed/mask144/000000074-segmentation-mask.png,landed/landed/000000074-land.png,landed/img144/000000074-rgb.jpg
landed/normal144/000000075-cameraNormals.png,landed/mask144/000000075-segmentation-mask.png,landed/landed/000000075-land.png,landed/img144/000000075-rgb.jpg
landed/normal144/000000076-cameraNormals.png,landed/mask144/000000076-segmentation-mask.png,landed/landed/000000076-land.png,landed/img144/000000076-rgb.jpg
landed/normal144/000000077-cameraNormals.png,landed/mask144/000000077-segmentation-mask.png,landed/landed/000000077-land.png,landed/img144/000000077-rgb.jpg
landed/normal144/000000078-cameraNormals.png,landed/mask144/000000078-segmentation-mask.png,landed/landed/000000078-land.png,landed/img144/000000078-rgb.jpg
landed/normal144/000000079-cameraNormals.png,landed/mask144/000000079-segmentation-mask.png,landed/landed/000000079-land.png,landed/img144/000000079-rgb.jpg
landed/normal144/000000080-cameraNormals.png,landed/mask144/000000080-segmentation-mask.png,landed/landed/000000080-land.png,landed/img144/000000080-rgb.jpg
landed/normal144/000000081-cameraNormals.png,landed/mask144/000000081-segmentation-mask.png,landed/landed/000000081-land.png,landed/img144/000000081-rgb.jpg
landed/normal144/000000082-cameraNormals.png,landed/mask144/000000082-segmentation-mask.png,landed/landed/000000082-land.png,landed/img144/000000082-rgb.jpg
landed/normal144/000000083-cameraNormals.png,landed/mask144/000000083-segmentation-mask.png,landed/landed/000000083-land.png,landed/img144/000000083-rgb.jpg
landed/normal144/000000084-cameraNormals.png,landed/mask144/000000084-segmentation-mask.png,landed/landed/000000084-land.png,landed/img144/000000084-rgb.jpg
landed/normal144/000000085-cameraNormals.png,landed/mask144/000000085-segmentation-mask.png,landed/landed/000000085-land.png,landed/img144/000000085-rgb.jpg
landed/normal144/000000086-cameraNormals.png,landed/mask144/000000086-segmentation-mask.png,landed/landed/000000086-land.png,landed/img144/000000086-rgb.jpg
landed/normal144/000000087-cameraNormals.png,landed/mask144/000000087-segmentation-mask.png,landed/landed/000000087-land.png,landed/img144/000000087-rgb.jpg
landed/normal144/000000088-cameraNormals.png,landed/mask144/000000088-segmentation-mask.png,landed/landed/000000088-land.png,landed/img144/000000088-rgb.jpg
landed/normal144/000000089-cameraNormals.png,landed/mask144/000000089-segmentation-mask.png,landed/landed/000000089-land.png,landed/img144/000000089-rgb.jpg
landed/normal144/000000090-cameraNormals.png,landed/mask144/000000090-segmentation-mask.png,landed/landed/000000090-land.png,landed/img144/000000090-rgb.jpg
landed/normal144/000000094-cameraNormals.png,landed/mask144/000000094-segmentation-mask.png,landed/landed/000000094-land.png,landed/img144/000000094-rgb.jpg
landed/normal144/000000095-cameraNormals.png,landed/mask144/000000095-segmentation-mask.png,landed/landed/000000095-land.png,landed/img144/000000095-rgb.jpg
landed/normal144/000000096-cameraNormals.png,landed/mask144/000000096-segmentation-mask.png,landed/landed/000000096-land.png,landed/img144/000000096-rgb.jpg
landed/normal144/000000097-cameraNormals.png,landed/mask144/000000097-segmentation-mask.png,landed/landed/000000097-land.png,landed/img144/000000097-rgb.jpg
landed/normal144/000000098-cameraNormals.png,landed/mask144/000000098-segmentation-mask.png,landed/landed/000000098-land.png,landed/img144/000000098-rgb.jpg
landed/normal144/000000099-cameraNormals.png,landed/mask144/000000099-segmentation-mask.png,landed/landed/000000099-land.png,landed/img144/000000099-rgb.jpg
landed/normal144/000000100-cameraNormals.png,landed/mask144/000000100-segmentation-mask.png,landed/landed/000000100-land.png,landed/img144/000000100-rgb.jpg
landed/normal144/000000101-cameraNormals.png,landed/mask144/000000101-segmentation-mask.png,landed/landed/000000101-land.png,landed/img144/000000101-rgb.jpg
landed/normal144/000000102-cameraNormals.png,landed/mask144/000000102-segmentation-mask.png,landed/landed/000000102-land.png,landed/img144/000000102-rgb.jpg
landed/normal144/000000103-cameraNormals.png,landed/mask144/000000103-segmentation-mask.png,landed/landed/000000103-land.png,landed/img144/000000103-rgb.jpg
landed/normal144/000000104-cameraNormals.png,landed/mask144/000000104-segmentation-mask.png,landed/landed/000000104-land.png,landed/img144/000000104-rgb.jpg
landed/normal144/000000105-cameraNormals.png,landed/mask144/000000105-segmentation-mask.png,landed/landed/000000105-land.png,landed/img144/000000105-rgb.jpg
landed/normal144/000000112-cameraNormals.png,landed/mask144/000000112-segmentation-mask.png,landed/landed/000000112-land.png,landed/img144/000000112-rgb.jpg
landed/normal144/000000113-cameraNormals.png,landed/mask144/000000113-segmentation-mask.png,landed/landed/000000113-land.png,landed/img144/000000113-rgb.jpg
landed/normal144/000000114-cameraNormals.png,landed/mask144/000000114-segmentation-mask.png,landed/landed/000000114-land.png,landed/img144/000000114-rgb.jpg
landed/normal144/000000115-cameraNormals.png,landed/mask144/000000115-segmentation-mask.png,landed/landed/000000115-land.png,landed/img144/000000115-rgb.jpg
landed/normal144/000000118-cameraNormals.png,landed/mask144/000000118-segmentation-mask.png,landed/landed/000000118-land.png,landed/img144/000000118-rgb.jpg
landed/normal144/000000119-cameraNormals.png,landed/mask144/000000119-segmentation-mask.png,landed/landed/000000119-land.png,landed/img144/000000119-rgb.jpg
landed/normal144/000000121-cameraNormals.png,landed/mask144/000000121-segmentation-mask.png,landed/landed/000000121-land.png,landed/img144/000000121-rgb.jpg
landed/normal144/000000122-cameraNormals.png,landed/mask144/000000122-segmentation-mask.png,landed/landed/000000122-land.png,landed/img144/000000122-rgb.jpg
landed/normal144/000000123-cameraNormals.png,landed/mask144/000000123-segmentation-mask.png,landed/landed/000000123-land.png,landed/img144/000000123-rgb.jpg
landed/normal144/000000124-cameraNormals.png,landed/mask144/000000124-segmentation-mask.png,landed/landed/000000124-land.png,landed/img144/000000124-rgb.jpg
landed/normal144/000000126-cameraNormals.png,landed/mask144/000000126-segmentation-mask.png,landed/landed/000000126-land.png,landed/img144/000000126-rgb.jpg
landed/normal144/000000127-cameraNormals.png,landed/mask144/000000127-segmentation-mask.png,landed/landed/000000127-land.png,landed/img144/000000127-rgb.jpg
landed/normal144/000000128-cameraNormals.png,landed/mask144/000000128-segmentation-mask.png,landed/landed/000000128-land.png,landed/img144/000000128-rgb.jpg
landed/normal144/000000129-cameraNormals.png,landed/mask144/000000129-segmentation-mask.png,landed/landed/000000129-land.png,landed/img144/000000129-rgb.jpg
landed/normal144/000000130-cameraNormals.png,landed/mask144/000000130-segmentation-mask.png,landed/landed/000000130-land.png,landed/img144/000000130-rgb.jpg
landed/normal144/000000132-cameraNormals.png,landed/mask144/000000132-segmentation-mask.png,landed/landed/000000132-land.png,landed/img144/000000132-rgb.jpg
landed/normal144/000000134-cameraNormals.png,landed/mask144/000000134-segmentation-mask.png,landed/landed/000000134-land.png,landed/img144/000000134-rgb.jpg
landed/normal144/000000135-cameraNormals.png,landed/mask144/000000135-segmentation-mask.png,landed/landed/000000135-land.png,landed/img144/000000135-rgb.jpg
landed/normal144/000000136-cameraNormals.png,landed/mask144/000000136-segmentation-mask.png,landed/landed/000000136-land.png,landed/img144/000000136-rgb.jpg
landed/normal144/000000137-cameraNormals.png,landed/mask144/000000137-segmentation-mask.png,landed/landed/000000137-land.png,landed/img144/000000137-rgb.jpg
landed/normal144/000000138-cameraNormals.png,landed/mask144/000000138-segmentation-mask.png,landed/landed/000000138-land.png,landed/img144/000000138-rgb.jpg
landed/normal144/000000139-cameraNormals.png,landed/mask144/000000139-segmentation-mask.png,landed/landed/000000139-land.png,landed/img144/000000139-rgb.jpg
landed/normal144/000000142-cameraNormals.png,landed/mask144/000000142-segmentation-mask.png,landed/landed/000000142-land.png,landed/img144/000000142-rgb.jpg
landed/normal144/000000144-cameraNormals.png,landed/mask144/000000144-segmentation-mask.png,landed/landed/000000144-land.png,landed/img144/000000144-rgb.jpg
landed/normal144/000000145-cameraNormals.png,landed/mask144/000000145-segmentation-mask.png,landed/landed/000000145-land.png,landed/img144/000000145-rgb.jpg
landed/normal144/000000146-cameraNormals.png,landed/mask144/000000146-segmentation-mask.png,landed/landed/000000146-land.png,landed/img144/000000146-rgb.jpg
landed/normal144/000000147-cameraNormals.png,landed/mask144/000000147-segmentation-mask.png,landed/landed/000000147-land.png,landed/img144/000000147-rgb.jpg
landed/normal144/000000148-cameraNormals.png,landed/mask144/000000148-segmentation-mask.png,landed/landed/000000148-land.png,landed/img144/000000148-rgb.jpg
landed/normal144/000000149-cameraNormals.png,landed/mask144/000000149-segmentation-mask.png,landed/landed/000000149-land.png,landed/img144/000000149-rgb.jpg
landed/normal144/000000151-cameraNormals.png,landed/mask144/000000151-segmentation-mask.png,landed/landed/000000151-land.png,landed/img144/000000151-rgb.jpg
landed/normal144/000000152-cameraNormals.png,landed/mask144/000000152-segmentation-mask.png,landed/landed/000000152-land.png,landed/img144/000000152-rgb.jpg
landed/normal144/000000153-cameraNormals.png,landed/mask144/000000153-segmentation-mask.png,landed/landed/000000153-land.png,landed/img144/000000153-rgb.jpg
landed/normal144/000000154-cameraNormals.png,landed/mask144/000000154-segmentation-mask.png,landed/landed/000000154-land.png,landed/img144/000000154-rgb.jpg
landed/normal144/000000155-cameraNormals.png,landed/mask144/000000155-segmentation-mask.png,landed/landed/000000155-land.png,landed/img144/000000155-rgb.jpg
landed/normal144/000000156-cameraNormals.png,landed/mask144/000000156-segmentation-mask.png,landed/landed/000000156-land.png,landed/img144/000000156-rgb.jpg
landed/normal144/000000157-cameraNormals.png,landed/mask144/000000157-segmentation-mask.png,landed/landed/000000157-land.png,landed/img144/000000157-rgb.jpg
landed/normal144/000000158-cameraNormals.png,landed/mask144/000000158-segmentation-mask.png,landed/landed/000000158-land.png,landed/img144/000000158-rgb.jpg
landed/normal144/000000159-cameraNormals.png,landed/mask144/000000159-segmentation-mask.png,landed/landed/000000159-land.png,landed/img144/000000159-rgb.jpg
landed/normal144/000000160-cameraNormals.png,landed/mask144/000000160-segmentation-mask.png,landed/landed/000000160-land.png,landed/img144/000000160-rgb.jpg
landed/normal144/000000161-cameraNormals.png,landed/mask144/000000161-segmentation-mask.png,landed/landed/000000161-land.png,landed/img144/000000161-rgb.jpg
landed/normal144/000000162-cameraNormals.png,landed/mask144/000000162-segmentation-mask.png,landed/landed/000000162-land.png,landed/img144/000000162-rgb.jpg
landed/normal144/000000163-cameraNormals.png,landed/mask144/000000163-segmentation-mask.png,landed/landed/000000163-land.png,landed/img144/000000163-rgb.jpg
landed/normal144/000000164-cameraNormals.png,landed/mask144/000000164-segmentation-mask.png,landed/landed/000000164-land.png,landed/img144/000000164-rgb.jpg
landed/normal144/000000165-cameraNormals.png,landed/mask144/000000165-segmentation-mask.png,landed/landed/000000165-land.png,landed/img144/000000165-rgb.jpg
landed/normal144/000000166-cameraNormals.png,landed/mask144/000000166-segmentation-mask.png,landed/landed/000000166-land.png,landed/img144/000000166-rgb.jpg
landed/normal144/000000167-cameraNormals.png,landed/mask144/000000167-segmentation-mask.png,landed/landed/000000167-land.png,landed/img144/000000167-rgb.jpg
landed/normal144/000000168-cameraNormals.png,landed/mask144/000000168-segmentation-mask.png,landed/landed/000000168-land.png,landed/img144/000000168-rgb.jpg
landed/normal144/000000169-cameraNormals.png,landed/mask144/000000169-segmentation-mask.png,landed/landed/000000169-land.png,landed/img144/000000169-rgb.jpg
landed/normal144/000000170-cameraNormals.png,landed/mask144/000000170-segmentation-mask.png,landed/landed/000000170-land.png,landed/img144/000000170-rgb.jpg
landed/normal144/000000172-cameraNormals.png,landed/mask144/000000172-segmentation-mask.png,landed/landed/000000172-land.png,landed/img144/000000172-rgb.jpg
landed/test_normal144/000000000-cameraNormals.png,landed/test_mask144/000000000-segmentation-mask.png,landed/test_landed/000000173-land.png,landed/test_img144/000000000-rgb.jpg
landed/test_normal144/000000001-cameraNormals.png,landed/test_mask144/000000001-segmentation-mask.png,landed/test_landed/000000174-land.png,landed/test_img144/000000001-rgb.jpg
landed/test_normal144/000000003-cameraNormals.png,landed/test_mask144/000000003-segmentation-mask.png,landed/test_landed/000000176-land.png,landed/test_img144/000000003-rgb.jpg
landed/test_normal144/000000004-cameraNormals.png,landed/test_mask144/000000004-segmentation-mask.png,landed/test_landed/000000177-land.png,landed/test_img144/000000004-rgb.jpg
landed/test_normal144/000000006-cameraNormals.png,landed/test_mask144/000000006-segmentation-mask.png,landed/test_landed/000000179-land.png,landed/test_img144/000000006-rgb.jpg
landed/test_normal144/000000007-cameraNormals.png,landed/test_mask144/000000007-segmentation-mask.png,landed/test_landed/000000180-land.png,landed/test_img144/000000007-rgb.jpg
landed/test_normal144/000000008-cameraNormals.png,landed/test_mask144/000000008-segmentation-mask.png,landed/test_landed/000000181-land.png,landed/test_img144/000000008-rgb.jpg
landed/test_normal144/000000009-cameraNormals.png,landed/test_mask144/000000009-segmentation-mask.png,landed/test_landed/000000182-land.png,landed/test_img144/000000009-rgb.jpg
landed/test_normal144/000000010-cameraNormals.png,landed/test_mask144/000000010-segmentation-mask.png,landed/test_landed/000000183-land.png,landed/test_img144/000000010-rgb.jpg
landed/test_normal144/000000011-cameraNormals.png,landed/test_mask144/000000011-segmentation-mask.png,landed/test_landed/000000184-land.png,landed/test_img144/000000011-rgb.jpg
landed/test_normal144/000000012-cameraNormals.png,landed/test_mask144/000000012-segmentation-mask.png,landed/test_landed/000000185-land.png,landed/test_img144/000000012-rgb.jpg
landed/test_normal144/000000013-cameraNormals.png,landed/test_mask144/000000013-segmentation-mask.png,landed/test_landed/000000186-land.png,landed/test_img144/000000013-rgb.jpg
landed/test_normal144/000000014-cameraNormals.png,landed/test_mask144/000000014-segmentation-mask.png,landed/test_landed/000000187-land.png,landed/test_img144/000000014-rgb.jpg
landed/test_normal144/000000015-cameraNormals.png,landed/test_mask144/000000015-segmentation-mask.png,landed/test_landed/000000188-land.png,landed/test_img144/000000015-rgb.jpg
landed/test_normal144/000000016-cameraNormals.png,landed/test_mask144/000000016-segmentation-mask.png,landed/test_landed/000000189-land.png,landed/test_img144/000000016-rgb.jpg
landed/test_normal144/000000018-cameraNormals.png,landed/test_mask144/000000018-segmentation-mask.png,landed/test_landed/000000191-land.png,landed/test_img144/000000018-rgb.jpg
landed/test_normal144/000000019-cameraNormals.png,landed/test_mask144/000000019-segmentation-mask.png,landed/test_landed/000000192-land.png,landed/test_img144/000000019-rgb.jpg
landed/test_normal144/000000020-cameraNormals.png,landed/test_mask144/000000020-segmentation-mask.png,landed/test_landed/000000193-land.png,landed/test_img144/000000020-rgb.jpg
landed/test_normal144/000000022-cameraNormals.png,landed/test_mask144/000000022-segmentation-mask.png,landed/test_landed/000000195-land.png,landed/test_img144/000000022-rgb.jpg
landed/test_normal144/000000023-cameraNormals.png,landed/test_mask144/000000023-segmentation-mask.png,landed/test_landed/000000196-land.png,landed/test_img144/000000023-rgb.jpg
landed/test_normal144/000000024-cameraNormals.png,landed/test_mask144/000000024-segmentation-mask.png,landed/test_landed/000000197-land.png,landed/test_img144/000000024-rgb.jpg
landed/test_normal144/000000025-cameraNormals.png,landed/test_mask144/000000025-segmentation-mask.png,landed/test_landed/000000198-land.png,landed/test_img144/000000025-rgb.jpg
landed/test_normal144/000000026-cameraNormals.png,landed/test_mask144/000000026-segmentation-mask.png,landed/test_landed/000000199-land.png,landed/test_img144/000000026-rgb.jpg
landed/test_normal144/000000027-cameraNormals.png,landed/test_mask144/000000027-segmentation-mask.png,landed/test_landed/000000200-land.png,landed/test_img144/000000027-rgb.jpg
landed/test_normal144/000000032-cameraNormals.png,landed/test_mask144/000000032-segmentation-mask.png,landed/test_landed/000000205-land.png,landed/test_img144/000000032-rgb.jpg
landed/test_normal144/000000034-cameraNormals.png,landed/test_mask144/000000034-segmentation-mask.png,landed/test_landed/000000207-land.png,landed/test_img144/000000034-rgb.jpg
landed/test_normal144/000000035-cameraNormals.png,landed/test_mask144/000000035-segmentation-mask.png,landed/test_landed/000000208-land.png,landed/test_img144/000000035-rgb.jpg
landed/test_normal144/000000036-cameraNormals.png,landed/test_mask144/000000036-segmentation-mask.png,landed/test_landed/000000209-land.png,landed/test_img144/000000036-rgb.jpg
landed/test_normal144/000000038-cameraNormals.png,landed/test_mask144/000000038-segmentation-mask.png,landed/test_landed/000000211-land.png,landed/test_img144/000000038-rgb.jpg
landed/test_normal144/000000039-cameraNormals.png,landed/test_mask144/000000039-segmentation-mask.png,landed/test_landed/000000212-land.png,landed/test_img144/000000039-rgb.jpg
landed/test_normal144/000000040-cameraNormals.png,landed/test_mask144/000000040-segmentation-mask.png,landed/test_landed/000000213-land.png,landed/test_img144/000000040-rgb.jpg
landed/test_normal144/000000041-cameraNormals.png,landed/test_mask144/000000041-segmentation-mask.png,landed/test_landed/000000214-land.png,landed/test_img144/000000041-rgb.jpg
landed/test_normal144/000000042-cameraNormals.png,landed/test_mask144/000000042-segmentation-mask.png,landed/test_landed/000000215-land.png,landed/test_img144/000000042-rgb.jpg
landed/test_normal144/000000045-cameraNormals.png,landed/test_mask144/000000045-segmentation-mask.png,landed/test_landed/000000218-land.png,landed/test_img144/000000045-rgb.jpg
landed/test_normal144/000000049-cameraNormals.png,landed/test_mask144/000000049-segmentation-mask.png,landed/test_landed/000000222-land.png,landed/test_img144/000000049-rgb.jpg
landed/test_normal144/000000051-cameraNormals.png,landed/test_mask144/000000051-segmentation-mask.png,landed/test_landed/000000224-land.png,landed/test_img144/000000051-rgb.jpg
landed/test_normal144/000000052-cameraNormals.png,landed/test_mask144/000000052-segmentation-mask.png,landed/test_landed/000000225-land.png,landed/test_img144/000000052-rgb.jpg
landed/test_normal144/000000053-cameraNormals.png,landed/test_mask144/000000053-segmentation-mask.png,landed/test_landed/000000226-land.png,landed/test_img144/000000053-rgb.jpg
landed/test_normal144/000000054-cameraNormals.png,landed/test_mask144/000000054-segmentation-mask.png,landed/test_landed/000000227-land.png,landed/test_img144/000000054-rgb.jpg
landed/test_normal144/000000055-cameraNormals.png,landed/test_mask144/000000055-segmentation-mask.png,landed/test_landed/000000228-land.png,landed/test_img144/000000055-rgb.jpg
landed/test_normal144/000000056-cameraNormals.png,landed/test_mask144/000000056-segmentation-mask.png,landed/test_landed/000000229-land.png,landed/test_img144/000000056-rgb.jpg
landed/test_normal144/000000057-cameraNormals.png,landed/test_mask144/000000057-segmentation-mask.png,landed/test_landed/000000230-land.png,landed/test_img144/000000057-rgb.jpg
landed/test_normal144/000000059-cameraNormals.png,landed/test_mask144/000000059-segmentation-mask.png,landed/test_landed/000000232-land.png,landed/test_img144/000000059-rgb.jpg
landed/test_normal144/000000060-cameraNormals.png,landed/test_mask144/000000060-segmentation-mask.png,landed/test_landed/000000233-land.png,landed/test_img144/000000060-rgb.jpg
landed/test_normal144/000000067-cameraNormals.png,landed/test_mask144/000000067-segmentation-mask.png,landed/test_landed/000000240-land.png,landed/test_img144/000000067-rgb.jpg
landed/test_normal144/000000070-cameraNormals.png,landed/test_mask144/000000070-segmentation-mask.png,landed/test_landed/000000243-land.png,landed/test_img144/000000070-rgb.jpg
landed/test_normal144/000000071-cameraNormals.png,landed/test_mask144/000000071-segmentation-mask.png,landed/test_landed/000000244-land.png,landed/test_img144/000000071-rgb.jpg
landed/test_normal144/000000072-cameraNormals.png,landed/test_mask144/000000072-segmentation-mask.png,landed/test_landed/000000245-land.png,landed/test_img144/000000072-rgb.jpg
landed/test_normal144/000000073-cameraNormals.png,landed/test_mask144/000000073-segmentation-mask.png,landed/test_landed/000000246-land.png,landed/test_img144/000000073-rgb.jpg
landed/test_normal144/000000074-cameraNormals.png,landed/test_mask144/000000074-segmentation-mask.png,landed/test_landed/000000247-land.png,landed/test_img144/000000074-rgb.jpg
landed/test_normal144/000000076-cameraNormals.png,landed/test_mask144/000000076-segmentation-mask.png,landed/test_landed/000000249-land.png,landed/test_img144/000000076-rgb.jpg
landed/test_normal144/000000077-cameraNormals.png,landed/test_mask144/000000077-segmentation-mask.png,landed/test_landed/000000250-land.png,landed/test_img144/000000077-rgb.jpg
landed/test_normal144/000000078-cameraNormals.png,landed/test_mask144/000000078-segmentation-mask.png,landed/test_landed/000000251-land.png,landed/test_img144/000000078-rgb.jpg
landed/test_normal144/000000079-cameraNormals.png,landed/test_mask144/000000079-segmentation-mask.png,landed/test_landed/000000252-land.png,landed/test_img144/000000079-rgb.jpg
landed/test_normal144/000000081-cameraNormals.png,landed/test_mask144/000000081-segmentation-mask.png,landed/test_landed/000000254-land.png,landed/test_img144/000000081-rgb.jpg
landed/test_normal144/000000082-cameraNormals.png,landed/test_mask144/000000082-segmentation-mask.png,landed/test_landed/000000255-land.png,landed/test_img144/000000082-rgb.jpg
landed/test_normal144/000000083-cameraNormals.png,landed/test_mask144/000000083-segmentation-mask.png,landed/test_landed/000000256-land.png,landed/test_img144/000000083-rgb.jpg
landed/test_normal144/000000084-cameraNormals.png,landed/test_mask144/000000084-segmentation-mask.png,landed/test_landed/000000257-land.png,landed/test_img144/000000084-rgb.jpg
landed/test_normal144/000000089-cameraNormals.png,landed/test_mask144/000000089-segmentation-mask.png,landed/test_landed/000000262-land.png,landed/test_img144/000000089-rgb.jpg
landed/normal144/000000035-cameraNormals.png,landed/mask144/000000035-segmentation-mask.png,landed/landed/000000035-land.png,landed/img144/000000035-rgb.jpg
landed/normal144/000000040-cameraNormals.png,landed/mask144/000000040-segmentation-mask.png,landed/landed/000000040-land.png,landed/img144/000000040-rgb.jpg
landed/normal144/000000140-cameraNormals.png,landed/mask144/000000140-segmentation-mask.png,landed/landed/000000140-land.png,landed/img144/000000140-rgb.jpg
